station,valid,tmpf,dwpf,rh
CAR,2026-09-28 04:54,49.0,42.0,77
CAR,2026-09-28 03:54,51.0,43.0,74
CAR,2026-09-28 02:54,53.0,43.0,69
CAR,2026-09-28 01:54,55.0,43.0,64
CAR,2026-09-28 00:54,57.0,44.0,62
CAR,2026-09-27 23:54,59.0,44.0,57
CAR,2026-09-27 22:54,62.0,44.0,52
CAR,2026-09-27 21:54,66.0,43.0,43
CAR,2026-09-27 20:54,69.0,44.0,40
CAR,2026-09-27 19:54,71.0,45.0,39
CAR,2026-09-27 18:54,70.0,46.0,42
CAR,2026-09-27 17:54,69.0,45.0,42
CAR,2026-09-27 16:54,68.0,48.0,49
CAR,2026-09-27 15:54,66.0,47.0,50
CAR,2026-09-27 14:54,64.0,46.0,52
CAR,2026-09-27 13:54,61.0,46.0,58
CAR,2026-09-27 12:54,55.0,45.0,69
CAR,2026-09-27 11:54,52.0,44.0,74
CAR,2026-09-27 10:54,48.0,43.0,83
CAR,2026-09-27 09:54,49.0,43.0,80
CAR,2026-09-27 08:54,51.0,43.0,74
CAR,2026-09-27 07:54,50.0,43.0,77
CAR,2026-09-27 06:54,51.0,43.0,74
CAR,2026-09-27 05:54,52.0,43.0,71
