station,valid,tmpf,dwpf
CAR,2026-09-28 04:54,49.00,42.00
CAR,2026-09-28 04:50,M,M
CAR,2026-09-28 04:45,M,M
CAR,2026-09-28 04:40,M,M
CAR,2026-09-28 04:35,M,M
CAR,2026-09-28 04:30,M,M
CAR,2026-09-28 04:25,M,M
CAR,2026-09-28 04:20,M,M
CAR,2026-09-28 04:15,M,M
CAR,2026-09-28 04:10,M,M
CAR,2026-09-28 04:05,M,M
CAR,2026-09-28 04:00,M,M
CAR,2026-09-28 03:54,51.00,43.00
CAR,2026-09-28 03:50,M,M
CAR,2026-09-28 03:45,M,M
CAR,2026-09-28 03:40,M,M
CAR,2026-09-28 03:35,M,M
CAR,2026-09-28 03:25,M,M
CAR,2026-09-28 03:20,M,M
CAR,2026-09-28 03:15,M,M
CAR,2026-09-28 03:10,M,M
CAR,2026-09-28 03:05,M,M
CAR,2026-09-28 03:00,M,M
CAR,2026-09-28 02:55,M,M
CAR,2026-09-28 02:54,53.00,43.00
CAR,2026-09-28 02:50,M,M
CAR,2026-09-28 02:45,M,M
CAR,2026-09-28 02:40,M,M
CAR,2026-09-28 02:35,M,M
CAR,2026-09-28 02:30,M,M
CAR,2026-09-28 02:25,M,M
CAR,2026-09-28 02:20,M,M
CAR,2026-09-28 02:15,M,M
CAR,2026-09-28 02:10,M,M
CAR,2026-09-28 02:05,M,M
CAR,2026-09-28 02:00,M,M
CAR,2026-09-28 01:55,M,M
CAR,2026-09-28 01:54,55.00,43.00
CAR,2026-09-28 01:50,M,M
CAR,2026-09-28 01:45,M,M
CAR,2026-09-28 01:40,M,M
CAR,2026-09-28 01:35,M,M
CAR,2026-09-28 01:30,M,M
CAR,2026-09-28 01:25,M,M
CAR,2026-09-28 01:20,M,M
CAR,2026-09-28 01:15,M,M
CAR,2026-09-28 01:10,M,M
CAR,2026-09-28 01:05,M,M
CAR,2026-09-28 01:00,M,M
CAR,2026-09-28 00:55,M,M
CAR,2026-09-28 00:54,57.00,44.00
CAR,2026-09-28 00:50,M,M
CAR,2026-09-28 00:45,M,M
CAR,2026-09-28 00:40,M,M
CAR,2026-09-28 00:35,M,M
CAR,2026-09-28 00:30,M,M
CAR,2026-09-28 00:25,M,M
CAR,2026-09-28 00:20,M,M
CAR,2026-09-28 00:15,M,M
CAR,2026-09-28 00:10,M,M
CAR,2026-09-28 00:05,M,M
CAR,2026-09-28 00:00,M,M
CAR,2026-09-27 23:55,M,M
CAR,2026-09-27 23:54,59.00,44.00
CAR,2026-09-27 23:50,M,M
CAR,2026-09-27 23:45,M,M
CAR,2026-09-27 23:40,M,M
CAR,2026-09-27 23:35,M,M
CAR,2026-09-27 23:25,M,M
CAR,2026-09-27 23:20,M,M
CAR,2026-09-27 23:15,M,M
CAR,2026-09-27 23:10,M,M
CAR,2026-09-27 23:05,M,M
CAR,2026-09-27 23:00,M,M
CAR,2026-09-27 22:55,M,M
CAR,2026-09-27 22:54,62.00,44.00
CAR,2026-09-27 22:50,M,M
CAR,2026-09-27 22:40,M,M
CAR,2026-09-27 22:35,M,M
CAR,2026-09-27 22:30,M,M
CAR,2026-09-27 22:25,M,M
CAR,2026-09-27 22:20,M,M
CAR,2026-09-27 22:15,M,M
CAR,2026-09-27 22:10,M,M
CAR,2026-09-27 22:05,M,M
CAR,2026-09-27 22:00,M,M
CAR,2026-09-27 21:55,M,M
CAR,2026-09-27 21:54,66.00,43.00
CAR,2026-09-27 21:50,M,M
CAR,2026-09-27 21:45,M,M
CAR,2026-09-27 21:40,M,M
CAR,2026-09-27 21:35,M,M
CAR,2026-09-27 21:30,M,M
CAR,2026-09-27 21:25,M,M
CAR,2026-09-27 21:20,M,M
CAR,2026-09-27 21:15,M,M
CAR,2026-09-27 21:10,M,M
CAR,2026-09-27 21:05,M,M
CAR,2026-09-27 21:00,M,M
CAR,2026-09-27 20:55,M,M
CAR,2026-09-27 20:54,69.00,44.00
CAR,2026-09-27 20:50,M,M
CAR,2026-09-27 20:45,M,M
CAR,2026-09-27 20:40,M,M
CAR,2026-09-27 20:35,M,M
CAR,2026-09-27 20:30,M,M
CAR,2026-09-27 20:25,M,M
CAR,2026-09-27 20:20,M,M
CAR,2026-09-27 20:15,M,M
CAR,2026-09-27 20:10,M,M
CAR,2026-09-27 20:05,M,M
CAR,2026-09-27 19:55,M,M
CAR,2026-09-27 19:54,71.00,45.00
CAR,2026-09-27 19:50,M,M
CAR,2026-09-27 19:45,M,M
CAR,2026-09-27 19:40,M,M
CAR,2026-09-27 19:35,M,M
CAR,2026-09-27 19:30,M,M
CAR,2026-09-27 19:25,M,M
CAR,2026-09-27 19:20,M,M
CAR,2026-09-27 19:15,M,M
CAR,2026-09-27 19:10,M,M
CAR,2026-09-27 19:05,M,M
CAR,2026-09-27 18:55,M,M
CAR,2026-09-27 18:54,70.00,46.00
CAR,2026-09-27 18:50,M,M
CAR,2026-09-27 18:45,M,M
CAR,2026-09-27 18:40,M,M
CAR,2026-09-27 18:35,M,M
CAR,2026-09-27 18:30,M,M
CAR,2026-09-27 18:25,M,M
CAR,2026-09-27 18:20,M,M
CAR,2026-09-27 18:15,M,M
CAR,2026-09-27 18:10,M,M
CAR,2026-09-27 18:05,M,M
CAR,2026-09-27 18:00,M,M
CAR,2026-09-27 17:55,M,M
CAR,2026-09-27 17:54,69.00,45.00
CAR,2026-09-27 17:50,M,M
CAR,2026-09-27 17:45,M,M
CAR,2026-09-27 17:40,M,M
CAR,2026-09-27 17:35,M,M
CAR,2026-09-27 17:30,M,M
CAR,2026-09-27 17:25,M,M
CAR,2026-09-27 17:20,M,M
CAR,2026-09-27 17:15,M,M
CAR,2026-09-27 17:10,M,M
CAR,2026-09-27 17:05,M,M
CAR,2026-09-27 17:00,M,M
CAR,2026-09-27 16:55,M,M
CAR,2026-09-27 16:54,68.00,48.00
CAR,2026-09-27 16:50,M,M
CAR,2026-09-27 16:45,M,M
CAR,2026-09-27 16:40,M,M
CAR,2026-09-27 16:35,M,M
CAR,2026-09-27 16:30,M,M
CAR,2026-09-27 16:25,M,M
CAR,2026-09-27 16:20,M,M
CAR,2026-09-27 16:15,M,M
CAR,2026-09-27 16:10,M,M
CAR,2026-09-27 16:05,M,M
CAR,2026-09-27 16:00,M,M
CAR,2026-09-27 15:55,M,M
CAR,2026-09-27 15:54,66.00,47.00
CAR,2026-09-27 15:50,M,M
CAR,2026-09-27 15:45,M,M
CAR,2026-09-27 15:40,M,M
CAR,2026-09-27 15:35,M,M
CAR,2026-09-27 15:30,M,M
CAR,2026-09-27 15:25,M,M
CAR,2026-09-27 15:20,M,M
CAR,2026-09-27 15:15,M,M
CAR,2026-09-27 15:10,M,M
CAR,2026-09-27 15:05,M,M
CAR,2026-09-27 14:55,M,M
CAR,2026-09-27 14:54,64.00,46.00
CAR,2026-09-27 14:50,M,M
CAR,2026-09-27 14:45,M,M
CAR,2026-09-27 14:35,M,M
CAR,2026-09-27 14:30,M,M
CAR,2026-09-27 14:25,M,M
CAR,2026-09-27 14:15,M,M
CAR,2026-09-27 14:10,M,M
CAR,2026-09-27 14:05,M,M
CAR,2026-09-27 14:00,M,M
CAR,2026-09-27 13:55,M,M
CAR,2026-09-27 13:54,61.00,46.00
CAR,2026-09-27 13:50,M,M
CAR,2026-09-27 13:45,M,M
CAR,2026-09-27 13:40,M,M
CAR,2026-09-27 13:35,M,M
CAR,2026-09-27 13:30,M,M
CAR,2026-09-27 13:25,M,M
CAR,2026-09-27 13:20,M,M
CAR,2026-09-27 13:15,M,M
CAR,2026-09-27 13:10,M,M
CAR,2026-09-27 13:05,M,M
CAR,2026-09-27 13:00,M,M
CAR,2026-09-27 12:55,M,M
CAR,2026-09-27 12:54,55.00,45.00
CAR,2026-09-27 12:50,M,M
CAR,2026-09-27 12:45,M,M
CAR,2026-09-27 12:40,M,M
CAR,2026-09-27 12:35,M,M
CAR,2026-09-27 12:30,M,M
CAR,2026-09-27 12:25,M,M
CAR,2026-09-27 12:20,M,M
CAR,2026-09-27 12:15,M,M
CAR,2026-09-27 12:10,M,M
CAR,2026-09-27 12:05,M,M
CAR,2026-09-27 12:00,M,M
CAR,2026-09-27 11:55,M,M
CAR,2026-09-27 11:54,52.00,44.00
CAR,2026-09-27 11:50,M,M
CAR,2026-09-27 11:45,M,M
CAR,2026-09-27 11:40,M,M
CAR,2026-09-27 11:35,M,M
CAR,2026-09-27 11:30,M,M
CAR,2026-09-27 11:25,M,M
CAR,2026-09-27 11:20,M,M
CAR,2026-09-27 11:10,M,M
CAR,2026-09-27 11:05,M,M
CAR,2026-09-27 11:00,M,M
CAR,2026-09-27 10:55,M,M
CAR,2026-09-27 10:54,48.00,43.00
CAR,2026-09-27 10:50,M,M
CAR,2026-09-27 10:45,M,M
CAR,2026-09-27 10:40,M,M
CAR,2026-09-27 10:35,M,M
CAR,2026-09-27 10:30,M,M
CAR,2026-09-27 10:25,M,M
CAR,2026-09-27 10:20,M,M
CAR,2026-09-27 10:15,M,M
CAR,2026-09-27 10:10,M,M
CAR,2026-09-27 10:05,M,M
CAR,2026-09-27 10:00,M,M
CAR,2026-09-27 09:54,49.00,43.00
CAR,2026-09-27 09:50,M,M
CAR,2026-09-27 09:45,M,M
CAR,2026-09-27 09:40,M,M
CAR,2026-09-27 09:35,M,M
CAR,2026-09-27 09:30,M,M
CAR,2026-09-27 09:25,M,M
CAR,2026-09-27 09:20,M,M
CAR,2026-09-27 09:15,M,M
CAR,2026-09-27 09:10,M,M
CAR,2026-09-27 09:05,M,M
CAR,2026-09-27 09:00,M,M
CAR,2026-09-27 08:55,M,M
CAR,2026-09-27 08:54,51.00,43.00
CAR,2026-09-27 08:50,M,M
CAR,2026-09-27 08:45,M,M
CAR,2026-09-27 08:40,M,M
CAR,2026-09-27 08:35,M,M
CAR,2026-09-27 08:30,M,M
CAR,2026-09-27 08:25,M,M
CAR,2026-09-27 08:20,M,M
CAR,2026-09-27 08:15,M,M
CAR,2026-09-27 08:10,M,M
CAR,2026-09-27 08:05,M,M
CAR,2026-09-27 08:00,M,M
CAR,2026-09-27 07:55,M,M
CAR,2026-09-27 07:54,50.00,43.00
CAR,2026-09-27 07:50,M,M
CAR,2026-09-27 07:40,M,M
CAR,2026-09-27 07:35,M,M
CAR,2026-09-27 07:30,M,M
CAR,2026-09-27 07:25,M,M
CAR,2026-09-27 07:20,M,M
CAR,2026-09-27 07:15,M,M
CAR,2026-09-27 07:10,M,M
CAR,2026-09-27 07:00,M,M
CAR,2026-09-27 06:55,M,M
CAR,2026-09-27 06:54,51.00,43.00
CAR,2026-09-27 06:50,M,M
CAR,2026-09-27 06:45,M,M
CAR,2026-09-27 06:40,M,M
CAR,2026-09-27 06:35,M,M
CAR,2026-09-27 06:30,M,M
CAR,2026-09-27 06:25,M,M
CAR,2026-09-27 06:20,M,M
CAR,2026-09-27 06:15,M,M
CAR,2026-09-27 06:10,M,M
CAR,2026-09-27 06:05,M,M
CAR,2026-09-27 06:00,M,M
CAR,2026-09-27 05:55,M,M
CAR,2026-09-27 05:54,52.00,43.00
CAR,2026-09-27 05:50,M,M
CAR,2026-09-27 05:45,M,M
CAR,2026-09-27 05:40,M,M
CAR,2026-09-27 05:35,M,M
CAR,2026-09-27 05:30,M,M
CAR,2026-09-27 05:25,M,M
CAR,2026-09-27 05:20,M,M
CAR,2026-09-27 05:15,M,M
CAR,2026-09-27 05:10,M,M
